{
    "order": "(2, 1, 1)",
    "seasonal_order": "(0, 1, 0, 12)",
    "aic": 311.90213129806085,
    "bic": 312.6910296074057,
    "test_metrics": {
        "mae": 2052676.829966257,
        "rmse": 2507495.05237517,
        "mape": 1.6470963834341952
    },
    "statistical_tests": {
        "adf_test": {
            "test_statistic": -0.751312515214069,
            "p_value": 0.8330071678032615,
            "critical_values": {
                "1%": -3.9240193847656246,
                "5%": -3.0684982031250003,
                "10%": -2.67389265625
            },
            "is_stationary": false
        },
        "kpss_test": {
            "test_statistic": 0.6526363609236918,
            "p_value": 0.017851239916028015,
            "critical_values": {
                "10%": 0.347,
                "5%": 0.463,
                "2.5%": 0.574,
                "1%": 0.739
            },
            "is_stationary": false
        },
        "ljung_box_test": {
            "test_statistic": 12.474568547872193,
            "p_value": 0.4083573403124074,
            "has_autocorrelation": false
        }
    },
    "timestamp": "2025-03-30 23:15:06"
}