{
    "parameters": {
        "changepoint_prior_scale": 0.001,
        "seasonality_prior_scale": 0.1,
        "holidays_prior_scale": 0.01,
        "seasonality_mode": "additive",
        "changepoint_range": 0.8
    },
    "test_metrics": {
        "mae": 2903792.68736733,
        "rmse": 3823669.1032407237,
        "mape": 2.2884078583510927
    },
    "statistical_tests": {
        "adf_test": {
            "test_statistic": -0.751312515214069,
            "p_value": 0.8330071678032615,
            "critical_values": {
                "1%": -3.9240193847656246,
                "5%": -3.0684982031250003,
                "10%": -2.67389265625
            },
            "is_stationary": false
        },
        "kpss_test": {
            "test_statistic": 0.6526363609236917,
            "p_value": 0.017851239916028026,
            "critical_values": {
                "10%": 0.347,
                "5%": 0.463,
                "2.5%": 0.574,
                "1%": 0.739
            },
            "is_stationary": false
        },
        "ljung_box_test": {
            "test_statistic": 12.474568547872193,
            "p_value": 0.4083573403124074,
            "has_autocorrelation": false
        }
    },
    "timestamp": "2025-03-31 00:06:42"
}